JURISDICTION,YEAR,POPULATION,"VIOLENT CRIME RATE PER 100,000 PEOPLE","PROPERTY CRIME RATE PER 100,000 PEOPLE",Overall Crime Rate
Allegany County,1/1/1975,79655,178.3,2745.6,Very high
Allegany County,1/1/1976,83923,103.7,2428.4,Very high
Allegany County,1/1/1977,82102,154.7,2538.3,Very high
Allegany County,1/1/1978,79966,127.6,2537.3,Very high
Allegany County,1/1/1979,79721,138,2774.7,Very high
Allegany County,1/1/1980,80461,147.9,2926.9,Very high
Allegany County,1/1/1981,81781,182.2,2841.7,Very high
Allegany County,1/1/1982,81858,142.9,2531.2,Very high
Allegany County,1/1/1983,82605,147.7,2210.5,Very high
Allegany County,1/1/1984,80835,111.3,2185.9,Very high
Allegany County,1/1/1985,77655,114.6,2196.9,Very high
Allegany County,1/1/1986,78947,153.3,2387.7,Very high
Allegany County,1/1/1987,75697,202.1,2454.5,Very high
Allegany County,1/1/1988,76500,213.1,2572.5,Very high
Allegany County,1/1/1989,76375,250.1,2735.2,Very high
Allegany County,1/1/1990,74946,317.6,2868.7,Very high
Allegany County,1/1/1991,76175,417.5,2823.8,Very high
Allegany County,1/1/1992,76925,470.6,3027.6,Very high
Allegany County,1/1/1993,75274,504.8,2759.3,Very high
Allegany County,1/1/1994,75891,441.4,2765.8,Very high
Allegany County,1/1/1995,74394,547.1,2614.5,Very high
Allegany County,1/1/1996,74833,439.6,2955.9,Very high
Allegany County,1/1/1997,75155,484.3,2992.5,Very high
Allegany County,1/1/1998,72871,391.1,3143.9,Very high
Allegany County,1/1/1999,71845,393.9,2917.4,Very high
Allegany County,1/1/2000,74930,361.7,2812,Very high
Allegany County,1/1/2001,76043,420.8,3090.4,Very high
Allegany County,1/1/2002,77216,304.3,2762.4,Very high
Allegany County,1/1/2003,74893,349.8,3043,Very high
Allegany County,1/1/2004,74325,437.3,2723.2,Very high
Allegany County,1/1/2005,74434,349.3,2751.4,Very high
Allegany County,1/1/2006,73841,381.9,2994.3,Very high
Allegany County,1/1/2007,71977,364,3138.5,Very high
Allegany County,1/1/2008,71806,334.2,3095.8,Very high
Allegany County,1/1/2009,72312,446.7,3148.9,Very high
Allegany County,1/1/2010,72721,429,3528.6,Very high
Allegany County,1/1/2011,75799,331.1,3320.6,Very high
Allegany County,1/1/2012,75413,355.4,3370.8,Very high
Allegany County,1/1/2013,73834,337.2,3234.3,Very high
Allegany County,1/1/2014,73299,274.2,3245.6,Very high
Allegany County ,1/1/2015,72230,301.8,3145.5,Very high
Allegany County ,1/1/2016,71622,342.1,2895.8,Very high
Anne Arundel County,1/1/1975,331390,608.6,6151.1,High
Anne Arundel County,1/1/1976,340345,304.4,5203,High
Anne Arundel County,1/1/1977,347538,341.3,4980.8,High
Anne Arundel County,1/1/1978,363169,315,4398.8,High
Anne Arundel County,1/1/1979,361749,311.3,4513.4,High
Anne Arundel County,1/1/1980,370099,352.3,5137,High
Anne Arundel County,1/1/1981,376172,376.4,5055.9,High
Anne Arundel County,1/1/1982,376525,362.8,4623.6,High
Anne Arundel County,1/1/1983,379967,390.6,4055.6,High
Anne Arundel County,1/1/1984,388659,415.3,3947.2,High
Anne Arundel County,1/1/1985,392718,445.6,3920.9,High
Anne Arundel County,1/1/1986,399108,376.1,4563.7,High
Anne Arundel County,1/1/1987,412522,342.3,4337,High
Anne Arundel County,1/1/1988,422647,354,4143.4,High
Anne Arundel County,1/1/1989,424124,355.3,4116,High
Anne Arundel County,1/1/1990,427239,380.6,4441.1,High
Anne Arundel County,1/1/1991,434253,425.6,4616,High
Anne Arundel County,1/1/1992,438543,451.5,4548,High
Anne Arundel County,1/1/1993,445772,494.4,4297.3,High
Anne Arundel County,1/1/1994,449440,472.1,4167.6,High
Anne Arundel County,1/1/1995,459455,429.2,4221.5,High
Anne Arundel County,1/1/1996,462188,463,4377.7,High
Anne Arundel County,1/1/1997,464193,452,4229.3,High
Anne Arundel County,1/1/1998,473811,542,3901.6,High
Anne Arundel County,1/1/1999,479474,588.6,3823.4,High
Anne Arundel County,1/1/2000,489656,691.1,3665.2,High
Anne Arundel County,1/1/2001,496929,764.3,3664.7,High
Anne Arundel County,1/1/2002,504601,714.8,3602.1,High
Anne Arundel County,1/1/2003,508071,689.5,3499.9,High
Anne Arundel County,1/1/2004,511140,644.8,3327.5,High
Anne Arundel County,1/1/2005,512445,618,3304.5,High
Anne Arundel County,1/1/2006,512277,618.2,3375.3,High
Anne Arundel County,1/1/2007,508164,603.7,3615.8,High
Anne Arundel County,1/1/2008,511145,573.4,3776.2,High
Anne Arundel County,1/1/2009,517763,564,3276.4,High
Anne Arundel County,1/1/2010,527278,555.5,3001.8,High
Anne Arundel County,1/1/2011,542753,492.9,2668.8,High
Anne Arundel County,1/1/2012,549659,415,2687.5,High
Anne Arundel County,1/1/2013,555330,417.6,2605.8,High
Anne Arundel County,1/1/2014,561031,403.4,2401.6,High
Anne Arundel County ,1/1/2015,563766,389.3,2290.7,High
Anne Arundel County ,1/1/2016,566105,408.4,2230.3,High
Baltimore City,1/1/1975,864100,1861.6,6286.9,Very high
Baltimore City,1/1/1976,860974,1650.7,6278.6,Very high
Baltimore City,1/1/1977,827494,1730.4,6524.6,Very high
Baltimore City,1/1/1978,781730,1881.1,7141.6,Very high
Baltimore City,1/1/1979,790901,1966,7505.4,Very high
Baltimore City,1/1/1980,784554,2120.1,7845.3,Very high
Baltimore City,1/1/1981,797429,2230.8,7688.8,Very high
Baltimore City,1/1/1982,798175,2095.9,7201.8,Very high
Baltimore City,1/1/1983,805527,2007.1,6692.8,Very high
Baltimore City,1/1/1984,788604,1981.7,6498.7,Very high
Baltimore City,1/1/1985,771097,2016.6,6720.9,Very high
Baltimore City,1/1/1986,783542,1949.7,6645.2,Very high
Baltimore City,1/1/1987,764893,1874.2,6840.6,Very high
Baltimore City,1/1/1988,763880,1933,7377.9,Very high
Baltimore City,1/1/1989,763138,2052.6,7431.9,Very high
Baltimore City,1/1/1990,736014,2446.4,8306.8,Very high
Baltimore City,1/1/1991,748099,2552.3,9011.9,Very high
Baltimore City,1/1/1992,755517,2893.4,9221.6,Very high
Baltimore City,1/1/1993,732968,3002.3,9763.3,Very high
Baltimore City,1/1/1994,739180,2842.5,9911.7,Very high
Baltimore City,1/1/1995,712209,3029.7,10483.6,Very high
Baltimore City,1/1/1996,716446,2738.7,9665.8,Very high
Baltimore City,1/1/1997,719587,2436.1,8515.7,Very high
Baltimore City,1/1/1998,662253,2432.3,8683.5,Very high
Baltimore City,1/1/1999,650588,2870.8,8786.7,Very high
Baltimore City,1/1/2000,651154,2462.6,7794.8,Very high
Baltimore City,1/1/2001,660826,2245.2,7508.2,Very high
Baltimore City,1/1/2002,671028,2065.9,6361.4,Very high
Baltimore City,1/1/2003,644554,1741.8,5901.1,Very high
Baltimore City,1/1/2004,634279,1851.2,5765.9,Very high
Baltimore City,1/1/2005,641097,1764,5264.7,Very high
Baltimore City,1/1/2006,637556,1705.1,5142.5,Very high
Baltimore City,1/1/2007,624237,1638.6,4858.6,Very high
Baltimore City,1/1/2008,634549,1596.7,4890.6,Very high
Baltimore City,1/1/2009,638755,1518.7,4632.3,Very high
Baltimore City,1/1/2010,639927,1461.4,4483.8,Very high
Baltimore City,1/1/2011,626848,1424.3,4826.2,Very high
Baltimore City,1/1/2012,625474,1410.9,4737.5,Very high
Baltimore City,1/1/2013,622671,1406.4,5015.7,Very high
Baltimore City,1/1/2014,623513,1352.3,4793.6,Very high
Baltimore City,1/1/2015,621252,1558.1,5061.4,Very high
Baltimore City,1/1/2016,618385,1797.4,4853.4,Very high
Baltimore County,1/1/1975,642154,228.9,5334.2,Very high
Baltimore County,1/1/1976,642369,311.7,5288.1,Very high
Baltimore County,1/1/1977,643363,648.9,5298.1,Very high
Baltimore County,1/1/1978,641120,751,5326.9,Very high
Baltimore County,1/1/1979,639872,820.3,5941.2,Very high
Baltimore County,1/1/1980,651337,905.1,6255.3,Very high
Baltimore County,1/1/1981,662025,937.3,6189.8,Very high
Baltimore County,1/1/1982,662646,995.6,5616.9,Very high
Baltimore County,1/1/1983,668705,909.7,4888.7,Very high
Baltimore County,1/1/1984,671586,921.8,4822.3,Very high
Baltimore County,1/1/1985,679708,1013.8,4850.6,Very high
Baltimore County,1/1/1986,690668,1001.1,5257.8,Very high
Baltimore County,1/1/1987,681068,830,5269.2,Very high
Baltimore County,1/1/1988,692703,951.8,5394.5,Very high
Baltimore County,1/1/1989,700068,1043.9,4923.4,Very high
Baltimore County,1/1/1990,692134,1012.1,5199.3,Very high
Baltimore County,1/1/1991,703563,1090.7,5559.4,Very high
Baltimore County,1/1/1992,710514,1089.8,5563.2,Very high
Baltimore County,1/1/1993,712020,1052.5,5223,Very high
Baltimore County,1/1/1994,717879,1011.3,5337.9,Very high
Baltimore County,1/1/1995,716904,1073.6,5445.8,Very high
Baltimore County,1/1/1996,721218,1029.8,5271.5,Very high
Baltimore County,1/1/1997,724348,1012.4,5155.7,Very high
Baltimore County,1/1/1998,726462,843.7,4674.2,Very high
Baltimore County,1/1/1999,727051,838.9,4143,Very high
Baltimore County,1/1/2000,754292,822,4013.6,Very high
Baltimore County,1/1/2001,765496,858.5,4059.1,Very high
Baltimore County,1/1/2002,777313,843.8,3912.3,Very high
Baltimore County,1/1/2003,777463,798.5,3622.9,Very high
Baltimore County,1/1/2004,784118,788.1,3430.2,Very high
Baltimore County,1/1/2005,786768,718.1,3215.1,Very high
Baltimore County,1/1/2006,788266,724.8,3378.6,Very high
Baltimore County,1/1/2007,785567,685,3427.8,Very high
Baltimore County,1/1/2008,787558,626.1,3434.5,Very high
Baltimore County,1/1/2009,792855,574.5,3316.5,Very high
Baltimore County,1/1/2010,797794,545.1,3024.3,Very high
Baltimore County,1/1/2011,812661,527.6,2966.3,Very high
Baltimore County,1/1/2012,817761,511.3,2889.5,Very high
Baltimore County,1/1/2013,822814,510.4,2881.9,Very high
Baltimore County,1/1/2014,828871,487.7,2723.7,Very high
Baltimore County,1/1/2015,829630,544.5,2698.2,Very high
Baltimore County,1/1/2016,831374,531.2,2830,Very high
Calvert County,1/1/1975,25930,219.8,2622.4,Low
Calvert County,1/1/1976,26491,181.2,2634.9,Low
Calvert County,1/1/1977,27500,247.3,2618.2,Low
Calvert County,1/1/1978,30223,271.3,2302.9,Low
Calvert County,1/1/1979,31548,358.2,2713.3,Low
Calvert County,1/1/1980,34308,443,3145,Low
Calvert County,1/1/1981,34871,404.3,3229,Low
Calvert County,1/1/1982,34904,406.8,2670.2,Low
Calvert County,1/1/1983,35222,389,2126.5,Low
Calvert County,1/1/1984,36985,505.6,2100.9,Low
Calvert County,1/1/1985,39686,463.6,2487,Low
Calvert County,1/1/1986,40299,570.7,2340,Low
Calvert County,1/1/1987,44402,470.7,2060.7,Low
Calvert County,1/1/1988,47621,346.5,1994.9,Low
Calvert County,1/1/1989,48750,422.6,2100.5,Low
Calvert County,1/1/1990,51372,297.8,1913.5,Low
Calvert County,1/1/1991,52215,294.9,2213.9,Low
Calvert County,1/1/1992,52730,322.4,2074.7,Low
Calvert County,1/1/1993,57726,369,1926.3,Low
Calvert County,1/1/1994,58201,357.4,2042.9,Low
Calvert County,1/1/1995,62626,378.4,2110.9,Low
Calvert County,1/1/1996,62998,339.7,2195.3,Low
Calvert County,1/1/1997,63271,346.1,2190.6,Low
Calvert County,1/1/1998,69972,354.4,1975.1,Low
Calvert County,1/1/1999,72392,385.4,1929.8,Low
Calvert County,1/1/2000,74563,421.1,1794.5,Low
Calvert County,1/1/2001,75671,440.1,1829,Low
Calvert County,1/1/2002,76838,482.8,1596.9,Low
Calvert County,1/1/2003,81659,391.9,1715.7,Low
Calvert County,1/1/2004,84860,268.7,1552,Low
Calvert County,1/1/2005,87133,265.1,1855.8,Low
Calvert County,1/1/2006,88166,291.5,1789.8,Low
Calvert County,1/1/2007,90358,308.8,1789.5,Low
Calvert County,1/1/2008,89373,410.6,2096.8,Low
Calvert County,1/1/2009,90796,298.5,2024.3,Low
Calvert County,1/1/2010,91279,212.5,2226.1,Low
Calvert County,1/1/2011,89578,158.5,2211.5,Low
Calvert County,1/1/2012,90118,127.6,1886.4,Low
Calvert County,1/1/2013,90031,118.8,1816,Low
Calvert County,1/1/2014,91047,143.9,1684.8,Low
Calvert County,1/1/2015,90757,135.5,1506.2,Low
Calvert County,1/1/2016,90403,154.9,1309.7,Low
Caroline County,1/1/1975,20037,329.4,2300.7,Middle
Caroline County,1/1/1976,21840,233.5,2097.1,Middle
Caroline County,1/1/1977,22600,212.4,1915.9,Middle
Caroline County,1/1/1978,22593,309.8,1819.1,Middle
Caroline County,1/1/1979,22534,510.3,2520.6,Middle
Caroline County,1/1/1980,23148,432,2276.7,Middle
Caroline County,1/1/1981,23528,480.3,2830.7,Middle
Caroline County,1/1/1982,23550,297.2,2768.6,Middle
Caroline County,1/1/1983,23762,328.3,2432.5,Middle
Caroline County,1/1/1984,23833,327.3,1791.6,Middle
Caroline County,1/1/1985,23832,411.2,1967.9,Middle
Caroline County,1/1/1986,24223,454.1,2340.8,Middle
Caroline County,1/1/1987,24386,389.6,1796.1,Middle
Caroline County,1/1/1988,25295,442.8,2012.3,Middle
Caroline County,1/1/1989,25695,249.1,1848.6,Middle
Caroline County,1/1/1990,27035,218.2,1904.9,Middle
Caroline County,1/1/1991,27475,276.6,2300.3,Middle
Caroline County,1/1/1992,27743,209.1,2242,Middle
Caroline County,1/1/1993,28177,230.7,2012.3,Middle
Caroline County,1/1/1994,28406,292.2,2312.9,Middle
Caroline County,1/1/1995,28923,522.1,2257.7,Middle
Caroline County,1/1/1996,29092,553.4,2959.6,Middle
Caroline County,1/1/1997,29215,578.5,2930,Middle
Caroline County,1/1/1998,29765,678.6,3208.5,Middle
Caroline County,1/1/1999,29700,858.6,3006.7,Middle
Caroline County,1/1/2000,29772,728.9,2556.1,Middle
Caroline County,1/1/2001,30214,536.2,2853,Middle
Caroline County,1/1/2002,30681,619.3,2591.2,Middle
Caroline County,1/1/2003,30582,474.1,2913.5,Middle
Caroline County,1/1/2004,31136,468.9,2694.6,Middle
Caroline County,1/1/2005,31295,495.3,2575.5,Middle
Caroline County,1/1/2006,31909,467,2961.5,Middle
Caroline County,1/1/2007,32693,376.2,2896.6,Middle
Caroline County,1/1/2008,33080,371.8,3289,Middle
Caroline County,1/1/2009,33693,374,3018.4,Middle
Caroline County,1/1/2010,33937,377.2,2999.7,Middle
Caroline County,1/1/2011,33379,335.5,3322.4,Middle
Caroline County,1/1/2012,33303,345.3,2846.6,Middle
Caroline County,1/1/2013,32665,287.8,2813.4,Middle
Caroline County,1/1/2014,32662,321.5,2397.3,Middle
Caroline County,1/1/2015,32308,244.5,2005.7,Middle
Caroline County,1/1/2016,32294,192,2065.4,Middle
Carroll County,1/1/1975,79066,208.7,2260.1,Low
Carroll County,1/1/1976,82407,201.4,2137,Low
Carroll County,1/1/1977,86000,169.8,1948.8,Low
Carroll County,1/1/1978,89083,208.8,2000.4,Low
Carroll County,1/1/1979,92641,246.1,2591.7,Low
Carroll County,1/1/1980,96080,261.2,2734.2,Low
Carroll County,1/1/1981,97657,263.2,2435.1,Low
Carroll County,1/1/1982,97748,263.9,2251.7,Low
Carroll County,1/1/1983,98637,243.3,1968.8,Low
Carroll County,1/1/1984,102737,237.5,2021.7,Low
Carroll County,1/1/1985,105829,238.1,1744.3,Low
Carroll County,1/1/1986,107514,308.8,2116.9,Low
Carroll County,1/1/1987,113393,277.8,2118.3,Low
Carroll County,1/1/1988,118898,246.4,2250.7,Low
Carroll County,1/1/1989,120554,247.2,2360.8,Low
Carroll County,1/1/1990,123372,164.5,2207.1,Low
Carroll County,1/1/1991,125394,122,2610.2,Low
Carroll County,1/1/1992,126632,170.6,2631.2,Low
Carroll County,1/1/1993,131736,148,2443.5,Low
Carroll County,1/1/1994,132818,193.5,2325,Low
Carroll County,1/1/1995,137424,192.1,2373.7,Low
Carroll County,1/1/1996,138238,261.9,2224.4,Low
Carroll County,1/1/1997,138835,214.6,2383.4,Low
Carroll County,1/1/1998,148119,198.5,2340,Low
Carroll County,1/1/1999,150771,186.4,2050.8,Low
Carroll County,1/1/2000,150897,287,2035.8,Low
Carroll County,1/1/2001,153138,230.5,1821.2,Low
Carroll County,1/1/2002,155503,251.4,1678.4,Low
Carroll County,1/1/2003,160504,251.7,1604.9,Low
Carroll County,1/1/2004,164663,252,1509.1,Low
Carroll County,1/1/2005,167424,238.9,1658.7,Low
Carroll County,1/1/2006,169003,221.3,1600.6,Low
Carroll County,1/1/2007,171843,208.9,1600.9,Low
Carroll County,1/1/2008,170347,211.3,1698.3,Low
Carroll County,1/1/2009,172300,228.1,1581,Low
Carroll County,1/1/2010,173047,201.7,1567.2,Low
Carroll County,1/1/2011,168719,151.7,1462.2,Low
Carroll County,1/1/2012,168903,181.2,1611,Low
Carroll County,1/1/2013,167529,204.1,1398,Low
Carroll County,1/1/2014,167966,218.5,1325.3,Low
Carroll County,1/1/2015,167468,137.9,1220.5,Low
Carroll County,1/1/2016,166742,153.5,1200.1,Low
Cecil County,1/1/1975,53726,431.8,4022.3,High
Cecil County,1/1/1976,56320,365.8,3925.8,High
Cecil County,1/1/1977,54901,358.8,3570.1,High
Cecil County,1/1/1978,55194,324.3,3310.1,High
Cecil County,1/1/1979,56486,531.1,3723,High
Cecil County,1/1/1980,60113,480.8,3495.1,High
Cecil County,1/1/1981,61099,435.4,3774.2,High
Cecil County,1/1/1982,61157,408.8,3471.4,High
Cecil County,1/1/1983,61713,442.4,3172.8,High
Cecil County,1/1/1984,64216,459.4,2761,High
Cecil County,1/1/1985,66143,514,2659.4,High
Cecil County,1/1/1986,67238,499.7,2724.6,High
Cecil County,1/1/1987,68584,520.5,2927.8,High
Cecil County,1/1/1988,70868,431.8,2867.3,High
Cecil County,1/1/1989,72922,511.5,2912.7,High
Cecil County,1/1/1990,71347,577.5,3365.2,High
Cecil County,1/1/1991,72516,543.3,3584,High
Cecil County,1/1/1992,73230,506.6,3232.3,High
Cecil County,1/1/1993,75723,503.1,2946.3,High
Cecil County,1/1/1994,76343,466.3,2490.1,High
Cecil County,1/1/1995,77589,426.6,3030.1,High
Cecil County,1/1/1996,78048,477.9,2781.6,High
Cecil County,1/1/1997,78384,510.3,2939.4,High
Cecil County,1/1/1998,81418,568.7,3127.1,High
Cecil County,1/1/1999,83114,546.2,3022.4,High
Cecil County,1/1/2000,85951,530.5,2944.7,High
Cecil County,1/1/2001,87228,514.7,2898.2,High
Cecil County,1/1/2002,88574,469.7,2976,High
Cecil County,1/1/2003,91175,499,2970.1,High
Cecil County,1/1/2004,93573,460.6,3160.1,High
Cecil County,1/1/2005,96254,492.4,3048.2,High
Cecil County,1/1/2006,98064,499.7,3102.1,High
Cecil County,1/1/2007,100680,564.2,3375,High
Cecil County,1/1/2008,100763,535.9,3782.1,High
Cecil County,1/1/2009,102047,731,3590.5,High
Cecil County,1/1/2010,102940,653.8,3327.2,High
Cecil County,1/1/2011,102067,567.3,3371.3,High
Cecil County,1/1/2012,102676,534.7,3285.1,High
Cecil County,1/1/2013,102068,427.2,2816.7,High
Cecil County,1/1/2014,102296,484.9,2827.1,High
Cecil County,1/1/2015,102376,357.5,2599.2,High
Cecil County,1/1/2016,102033,365.6,2554.1,High
Charles County,1/1/1975,55740,299.6,3584.5,Middle
Charles County,1/1/1976,59758,286.2,3519.2,Middle
Charles County,1/1/1977,64900,248.1,3240.4,Middle
Charles County,1/1/1978,66193,379.2,3563.8,Middle
Charles County,1/1/1979,67202,422.6,4419.5,Middle
Charles County,1/1/1980,72343,425.7,4133.1,Middle
Charles County,1/1/1981,73530,421.6,4148,Middle
Charles County,1/1/1982,73599,406.3,3845.2,Middle
Charles County,1/1/1983,74271,408,3325.7,Middle
Charles County,1/1/1984,79140,374,3371.2,Middle
Charles County,1/1/1985,82603,431,3186.3,Middle
Charles County,1/1/1986,83937,456.3,3497.9,Middle
Charles County,1/1/1987,90430,543,3660.3,Middle
Charles County,1/1/1988,95856,510.1,3827.6,Middle
Charles County,1/1/1989,96281,634.6,3785.8,Middle
Charles County,1/1/1990,101154,626.8,3961.3,Middle
Charles County,1/1/1991,102814,699.3,4435.2,Middle
Charles County,1/1/1992,103829,616.4,4272.4,Middle
Charles County,1/1/1993,107103,525.7,3844,Middle
Charles County,1/1/1994,107983,560.3,3956.2,Middle
Charles County,1/1/1995,110079,654.1,4251.5,Middle
Charles County,1/1/1996,110733,583.4,3971.7,Middle
Charles County,1/1/1997,111212,644.7,3810.7,Middle
Charles County,1/1/1998,116001,542.2,3986.2,Middle
Charles County,1/1/1999,118809,589.2,3110,Middle
Charles County,1/1/2000,120546,574.9,3153.2,Middle
Charles County,1/1/2001,122336,633.5,3196.1,Middle
Charles County,1/1/2002,124225,704.4,3274.7,Middle
Charles County,1/1/2003,130240,593.5,3324.6,Middle
Charles County,1/1/2004,134236,548.3,3132.5,Middle
Charles County,1/1/2005,136841,554.7,3120.4,Middle
Charles County,1/1/2006,139202,523.7,3064.6,Middle
Charles County,1/1/2007,142320,594.4,2981.3,Middle
Charles County,1/1/2008,142039,559,3035.1,Middle
Charles County,1/1/2009,143833,487.4,2594.7,Middle
Charles County,1/1/2010,145349,490.5,2553.9,Middle
Charles County,1/1/2011,147940,397.5,2553.7,Middle
Charles County,1/1/2012,150570,381.9,2220.2,Middle
Charles County,1/1/2013,152067,386.7,2319.4,Middle
Charles County,1/1/2014,154633,353.1,1973.1,Middle
Charles County,1/1/2015,156234,371.9,1885.6,Middle
Charles County,1/1/2016,157065,359.1,1643.3,Middle
Dorchester County,1/1/1975,28900,1041.5,3695.5,Very high
Dorchester County,1/1/1976,29929,832,3618.6,Very high
Dorchester County,1/1/1977,29991,593.5,3484.4,Very high
Dorchester County,1/1/1978,30124,610.8,3150.3,Very high
Dorchester County,1/1/1979,30647,473.1,3785,Very high
Dorchester County,1/1/1980,30549,553.2,4065.6,Very high
Dorchester County,1/1/1981,31050,496,4389.7,Very high
Dorchester County,1/1/1982,31079,527.7,4266.5,Very high
Dorchester County,1/1/1983,31361,491.1,3293.9,Very high
Dorchester County,1/1/1984,30863,382.3,3123.5,Very high
Dorchester County,1/1/1985,30194,559.7,3550.4,Very high
Dorchester County,1/1/1986,30693,579.9,3753.3,Very high
Dorchester County,1/1/1987,30380,671.5,3749.2,Very high
Dorchester County,1/1/1988,30621,672.7,3935.2,Very high
Dorchester County,1/1/1989,30875,761.1,4174.9,Very high
Dorchester County,1/1/1990,30236,797.1,3277.5,Very high
Dorchester County,1/1/1991,30732,728.9,3566.3,Very high
Dorchester County,1/1/1992,31034,699.2,3873.2,Very high
Dorchester County,1/1/1993,30487,849.5,4234.6,Very high
Dorchester County,1/1/1994,30737,644.2,3936.6,Very high
Dorchester County,1/1/1995,30640,848.6,3479.1,Very high
Dorchester County,1/1/1996,30820,652.2,4062.3,Very high
Dorchester County,1/1/1997,30952,701.1,4015.9,Very high
Dorchester County,1/1/1998,30134,627.2,2827.4,Very high
Dorchester County,1/1/1999,29715,669.7,3261,Very high
Dorchester County,1/1/2000,30674,593.3,3335.1,Very high
Dorchester County,1/1/2001,31130,658.5,3270.2,Very high
Dorchester County,1/1/2002,31610,670.7,3508.4,Very high
Dorchester County,1/1/2003,30734,488.1,3348.1,Very high
Dorchester County,1/1/2004,30885,443.6,3730,Very high
Dorchester County,1/1/2005,31147,558.6,3679.3,Very high
Dorchester County,1/1/2006,31487,574.8,4217.6,Very high
Dorchester County,1/1/2007,31500,507.9,3784.1,Very high
Dorchester County,1/1/2008,31780,588.4,3848.3,Very high
Dorchester County,1/1/2009,32317,566.3,2970.6,Very high
Dorchester County,1/1/2010,32376,580.7,3088.7,Very high
Dorchester County,1/1/2011,32927,431.3,3474.4,Very high
Dorchester County,1/1/2012,32955,500.7,3471.4,Very high
Dorchester County,1/1/2013,32578,460.4,2977.5,Very high
Dorchester County,1/1/2014,32717,434,3328.5,Very high
Dorchester County,1/1/2015,32453,576.2,3632.9,Very high
Dorchester County,1/1/2016,32143,479.1,2955.5,Very high
Frederick County,1/1/1975,93504,304.8,2856.6,Low
Frederick County,1/1/1976,97068,259.6,3367.7,Low
Frederick County,1/1/1977,99538,302.4,3018.9,Low
Frederick County,1/1/1978,103748,316.2,3007.3,Low
Frederick County,1/1/1979,108064,363.7,3435,Low
Frederick County,1/1/1980,113557,407.7,3517.2,Low
Frederick County,1/1/1981,115420,381.2,3687.4,Low
Frederick County,1/1/1982,115529,474.3,3300.5,Low
Frederick County,1/1/1983,116584,575.6,3001.3,Low
Frederick County,1/1/1984,122120,446.3,2796.4,Low
Frederick County,1/1/1985,125217,493.5,2662.6,Low
Frederick County,1/1/1986,127271,522.5,2548.1,Low
Frederick County,1/1/1987,133612,452.8,2546.9,Low
Frederick County,1/1/1988,140302,503.2,2694.2,Low
Frederick County,1/1/1989,141882,523,2665.6,Low
Frederick County,1/1/1990,150208,596.5,2864,Low
Frederick County,1/1/1991,152673,520.1,2715,Low
Frederick County,1/1/1992,154180,548.7,2845.4,Low
Frederick County,1/1/1993,161295,566,2528.9,Low
Frederick County,1/1/1994,162261,441.9,2589,Low
Frederick County,1/1/1995,172506,429,2493.2,Low
Frederick County,1/1/1996,173531,550.9,2436.5,Low
Frederick County,1/1/1997,174282,409.1,2365.7,Low
Frederick County,1/1/1998,184690,364.4,2195.6,Low
Frederick County,1/1/1999,188117,380.1,2150.8,Low
Frederick County,1/1/2000,195277,465,2068.9,Low
Frederick County,1/1/2001,198177,490,2343.4,Low
Frederick County,1/1/2002,201237,444.3,2190.9,Low
Frederick County,1/1/2003,211070,398,1882.8,Low
Frederick County,1/1/2004,215568,405,1734.5,Low
Frederick County,1/1/2005,219311,335.6,1605.5,Low
Frederick County,1/1/2006,221305,339.8,1797.5,Low
Frederick County,1/1/2007,225374,358.1,1707.4,Low
Frederick County,1/1/2008,226881,349.5,1842.4,Low
Frederick County,1/1/2009,230359,344.2,1712.1,Low
Frederick County,1/1/2010,232717,312.8,1705.9,Low
Frederick County,1/1/2011,235598,251.7,1689.3,Low
Frederick County,1/1/2012,239031,259.4,1664.2,Low
Frederick County,1/1/2013,241868,253.9,1705.9,Low
Frederick County,1/1/2014,243718,248.6,1531.7,Low
Frederick County,1/1/2015,245356,242.9,1426.9,Low
Frederick County,1/1/2016,246177,244.1,1286.9,Low
Garrett County,1/1/1975,22689,171.9,1877.6,Low
Garrett County,1/1/1976,23660,139.5,1944.2,Low
Garrett County,1/1/1977,24810,120.9,1797.7,Low
Garrett County,1/1/1978,25664,124.7,1878.1,Low
Garrett County,1/1/1979,25939,158.1,2147.3,Low
Garrett County,1/1/1980,26502,158.5,2388.5,Low
Garrett County,1/1/1981,26937,137.4,2487.3,Low
Garrett County,1/1/1982,26962,189.2,2199.4,Low
Garrett County,1/1/1983,27207,150.7,2198,Low
Garrett County,1/1/1984,27369,197.3,2060.7,Low
Garrett County,1/1/1985,27164,139.9,1682.4,Low
Garrett County,1/1/1986,27553,359.3,1876.4,Low
Garrett County,1/1/1987,26926,375.1,2031.5,Low
Garrett County,1/1/1988,27036,270,1986.2,Low
Garrett County,1/1/1989,27320,464.9,2009.5,Low
Garrett County,1/1/1990,28138,369.6,1851.6,Low
Garrett County,1/1/1991,28599,272.7,1783.3,Low
Garrett County,1/1/1992,28881,315.1,1876.7,Low
Garrett County,1/1/1993,29306,170.6,2238.4,Low
Garrett County,1/1/1994,29546,189.5,2034.1,Low
Garrett County,1/1/1995,29582,192.7,1815.3,Low
Garrett County,1/1/1996,29757,124.3,1861.7,Low
Garrett County,1/1/1997,29885,237.6,1850.4,Low
Garrett County,1/1/1998,29749,107.6,1912.7,Low
Garrett County,1/1/1999,29448,101.9,1653.8,Low
Garrett County,1/1/2000,29846,154.1,1702.1,Low
Garrett County,1/1/2001,30289,89.1,1792.7,Low
Garrett County,1/1/2002,30757,143.1,1602.9,Low
Garrett County,1/1/2003,30156,152.5,1777.4,Low
Garrett County,1/1/2004,30317,181.4,1438.1,Low
Garrett County,1/1/2005,30353,204.3,1538.6,Low
Garrett County,1/1/2006,29991,210.1,1747.2,Low
Garrett County,1/1/2007,29619,216.1,1843.4,Low
Garrett County,1/1/2008,29391,241.6,1840.7,Low
Garrett County,1/1/2009,29830,228,1696.3,Low
Garrett County,1/1/2010,29696,165,1626.5,Low
Garrett County,1/1/2011,30382,230.4,1813.6,Low
Garrett County,1/1/2012,30341,234,1779.8,Low
Garrett County,1/1/2013,29839,429,1917,Low
Garrett County,1/1/2014,29897,227.4,1521.9,Low
Garrett County,1/1/2015,29487,196.7,1570.2,Low
Garrett County,1/1/2016,29166,205.7,1285.7,Low
Harford County,1/1/1975,129059,387.4,3948.6,Low
Harford County,1/1/1976,136805,340.6,3885.8,Low
Harford County,1/1/1977,140650,389.6,3727.7,Low
Harford County,1/1/1978,146556,322.1,3574.1,Low
Harford County,1/1/1979,146422,323,3632.7,Low
Harford County,1/1/1980,144340,328.4,3910.9,Low
Harford County,1/1/1981,146708,329.2,3683.5,Low
Harford County,1/1/1982,146846,305.1,3221.7,Low
Harford County,1/1/1983,148188,232.8,2663.5,Low
Harford County,1/1/1984,151550,272.5,2636.8,Low
Harford County,1/1/1985,152381,359,2779.2,Low
Harford County,1/1/1986,154882,437.1,3066.2,Low
Harford County,1/1/1987,160945,430,3061.9,Low
Harford County,1/1/1988,167646,432.5,3071.9,Low
Harford County,1/1/1989,173062,329.4,2868.3,Low
Harford County,1/1/1990,182132,323.4,2834.2,Low
Harford County,1/1/1991,185120,351.7,3279.5,Low
Harford County,1/1/1992,186946,322.6,2915.3,Low
Harford County,1/1/1993,197399,273.1,2604.4,Low
Harford County,1/1/1994,199021,291.9,2657,Low
Harford County,1/1/1995,203438,313.6,2625.4,Low
Harford County,1/1/1996,204646,270.7,2766.7,Low
Harford County,1/1/1997,205533,317.7,2596.2,Low
Harford County,1/1/1998,214271,251.1,2336.8,Low
Harford County,1/1/1999,216208,260.4,2255.7,Low
Harford County,1/1/2000,218590,284.1,2227.5,Low
Harford County,1/1/2001,221837,305.2,2566.3,Low
Harford County,1/1/2002,225262,373.3,2692.4,Low
Harford County,1/1/2003,229831,416,2292.6,Low
Harford County,1/1/2004,234246,377.8,2288.6,Low
Harford County,1/1/2005,237388,356,2068.8,Low
Harford County,1/1/2006,239914,344.3,1983.6,Low
Harford County,1/1/2007,242818,384.2,2066.2,Low
Harford County,1/1/2008,240963,364.8,2166.7,Low
Harford County,1/1/2009,243988,362.3,1861.6,Low
Harford County,1/1/2010,246347,346.3,1827.5,Low
Harford County,1/1/2011,247147,260.2,1598.6,Low
Harford County,1/1/2012,248869,280.1,1619.7,Low
Harford County,1/1/2013,250244,264.5,1623.6,Low
Harford County,1/1/2014,250706,243.7,1457.9,Low
Harford County,1/1/2015,250575,238.7,1256.7,Low
Harford County,1/1/2016,249859,220.9,1389.6,Low
Howard County,1/1/1975,95370,447.7,5184,Middle
Howard County,1/1/1976,97877,405.6,4806,Middle
Howard County,1/1/1977,103425,481.5,4468,Middle
Howard County,1/1/1978,117027,451.2,4384.5,Middle
Howard County,1/1/1979,116777,659.4,4667.9,Middle
Howard County,1/1/1980,118443,488.8,5409.4,Middle
Howard County,1/1/1981,120387,378.8,5004.7,Middle
Howard County,1/1/1982,120500,358.5,4686.3,Middle
Howard County,1/1/1983,121601,329.8,4393.9,Middle
Howard County,1/1/1984,129114,293.5,4825.2,Middle
Howard County,1/1/1985,137032,379.5,4894.5,Middle
Howard County,1/1/1986,139251,356.2,5450.6,Middle
Howard County,1/1/1987,153629,279.9,4920.9,Middle
Howard County,1/1/1988,160989,323,4748.8,Middle
Howard County,1/1/1989,165546,343.7,4674.2,Middle
Howard County,1/1/1990,187328,314.4,4109.4,Middle
Howard County,1/1/1991,190403,325.6,4431.1,Middle
Howard County,1/1/1992,192284,305.8,4240.1,Middle
Howard County,1/1/1993,201881,252.1,3924.6,Middle
Howard County,1/1/1994,203542,288.4,4064.5,Middle
Howard County,1/1/1995,214511,294.2,3926.6,Middle
Howard County,1/1/1996,215787,293.3,3898.3,Middle
Howard County,1/1/1997,216723,255.6,4027.7,Middle
Howard County,1/1/1998,230639,191.2,3157.3,Middle
Howard County,1/1/1999,238083,205.8,3058.6,Middle
Howard County,1/1/2000,247842,203,2957.9,Middle
Howard County,1/1/2001,251523,204.8,3152.4,Middle
Howard County,1/1/2002,255406,185.2,2890.3,Middle
Howard County,1/1/2003,262537,209.1,2661.7,Middle
Howard County,1/1/2004,266623,228.4,2571.4,Middle
Howard County,1/1/2005,268769,228.8,2670.7,Middle
Howard County,1/1/2006,270195,230.9,2649.9,Middle
Howard County,1/1/2007,273642,215.6,2644.7,Middle
Howard County,1/1/2008,274874,256.5,3003.6,Middle
Howard County,1/1/2009,279350,268.8,2513,Middle
Howard County,1/1/2010,286963,197.2,2371.4,Middle
Howard County,1/1/2011,289807,209.8,2269.8,Middle
Howard County,1/1/2012,295972,196,2168.8,Middle
Howard County,1/1/2013,303727,205.8,2016.9,Middle
Howard County,1/1/2014,309341,198.5,1852,Middle
Howard County,1/1/2015,313717,230.5,1694.5,Middle
Howard County,1/1/2016,316777,227.6,1747.9,Middle
Kent County,1/1/1975,16640,294.5,3371.4,Low
Kent County,1/1/1976,16785,613.6,2484.4,Low
Kent County,1/1/1977,16200,135.8,2265.4,Low
Kent County,1/1/1978,16647,156.2,2523,Low
Kent County,1/1/1979,16225,295.8,2859.8,Low
Kent County,1/1/1980,16680,305.8,3345.3,Low
Kent County,1/1/1981,16954,312.6,3114.3,Low
Kent County,1/1/1982,16970,271.1,3258.7,Low
Kent County,1/1/1983,17124,303.7,2627.9,Low
Kent County,1/1/1984,16877,266.6,2968.5,Low
Kent County,1/1/1985,16864,391.4,2792.9,Low
Kent County,1/1/1986,17127,338.6,2790.9,Low
Kent County,1/1/1987,17171,244.6,2434.3,Low
Kent County,1/1/1988,17410,229.8,1975.9,Low
Kent County,1/1/1989,17266,272.2,2125.6,Low
Kent County,1/1/1990,17842,297.1,2718.3,Low
Kent County,1/1/1991,18134,325.4,2310.6,Low
Kent County,1/1/1992,18312,349.5,2561.2,Low
Kent County,1/1/1993,18550,458.2,2458.2,Low
Kent County,1/1/1994,18702,401,2037.2,Low
Kent County,1/1/1995,18820,451.6,2539.9,Low
Kent County,1/1/1996,18931,306.4,1827.7,Low
Kent County,1/1/1997,19012,294.6,1788.3,Low
Kent County,1/1/1998,19220,202.9,2273.7,Low
Kent County,1/1/1999,19061,225.6,1705.1,Low
Kent County,1/1/2000,19197,302.1,1823.2,Low
Kent County,1/1/2001,19482,308,1745.2,Low
Kent County,1/1/2002,19783,454.9,2112.9,Low
Kent County,1/1/2003,19795,394,1485.2,Low
Kent County,1/1/2004,19856,292.1,1913.8,Low
Kent County,1/1/2005,19731,451.1,1545.8,Low
Kent County,1/1/2006,19954,380.9,1959.5,Low
Kent County,1/1/2007,19926,401.5,1776.6,Low
Kent County,1/1/2008,19936,566.8,2091.7,Low
Kent County,1/1/2009,20351,422.6,1660.9,Low
Kent County,1/1/2010,20464,254.1,1793.4,Low
Kent County,1/1/2011,20388,318.8,1912.9,Low
Kent County,1/1/2012,20399,416.7,1745.2,Low
Kent County,1/1/2013,20232,316.3,1665.7,Low
Kent County,1/1/2014,19915,231,1707.3,Low
Kent County,1/1/2015,19664,396.7,1546,Low
Kent County,1/1/2016,19592,209.3,1291.3,Low
Montgomery County,1/1/1975,571436,197.9,4366,Low
Montgomery County,1/1/1976,570275,196.7,4074.9,Low
Montgomery County,1/1/1977,575310,194.2,4117.6,Low
Montgomery County,1/1/1978,582458,227.8,4241.9,Low
Montgomery County,1/1/1979,576776,247.9,4995.4,Low
Montgomery County,1/1/1980,574093,274,5208.4,Low
Montgomery County,1/1/1981,583513,320.1,4985.8,Low
Montgomery County,1/1/1982,584061,308.4,4400.1,Low
Montgomery County,1/1/1983,589400,259.4,3705.3,Low
Montgomery County,1/1/1984,605398,271.1,3735.1,Low
Montgomery County,1/1/1985,630126,279.2,3875.9,Low
Montgomery County,1/1/1986,640356,273,3959.8,Low
Montgomery County,1/1/1987,675886,274.6,3984.1,Low
Montgomery County,1/1/1988,702535,283,4075.8,Low
Montgomery County,1/1/1989,715912,277.5,3592.5,Low
Montgomery County,1/1/1990,757027,290.3,3737.1,Low
Montgomery County,1/1/1991,769456,334.3,4182,Low
Montgomery County,1/1/1992,777056,321.6,3979.9,Low
Montgomery County,1/1/1993,788643,289.1,3764.1,Low
Montgomery County,1/1/1994,795132,291.1,3985.6,Low
Montgomery County,1/1/1995,808499,311.8,4021.3,Low
Montgomery County,1/1/1996,813307,281.1,3989.6,Low
Montgomery County,1/1/1997,822028,279.3,3696.2,Low
Montgomery County,1/1/1998,833420,241.7,3488.9,Low
Montgomery County,1/1/1999,846910,199.8,3017.7,Low
Montgomery County,1/1/2000,873341,214.5,2939.4,Low
Montgomery County,1/1/2001,886314,222.5,2936.9,Low
Montgomery County,1/1/2002,899994,233.8,3076.4,Low
Montgomery County,1/1/2003,918624,246.2,2875.7,Low
Montgomery County,1/1/2004,927079,222.2,2449.2,Low
Montgomery County,1/1/2005,928710,236.5,2466.8,Low
Montgomery County,1/1/2006,930123,247.7,2584.4,Low
Montgomery County,1/1/2007,932846,236.6,2628.8,Low
Montgomery County,1/1/2008,943025,236.6,2738.2,Low
Montgomery County,1/1/2009,963898,224.3,2497.4,Low
Montgomery County,1/1/2010,987166,182,2111.7,Low
Montgomery County,1/1/2011,980991,172.2,1888.6,Low
Montgomery County,1/1/2012,999353,187.5,1740.5,Low
Montgomery County,1/1/2013,1016455,174,1600.6,Low
Montgomery County,1/1/2014,1029182,168.9,1626.2,Low
Montgomery County,1/1/2015,1041345,195.1,1587.8,Low
Montgomery County,1/1/2016,1047303,175.1,1490.4,Low
Prince George's County,1/1/1975,680363,706.8,6456.1,High
Prince George's County,1/1/1976,685948,657.9,6217.7,High
Prince George's County,1/1/1977,675500,661.7,6230.8,High
Prince George's County,1/1/1978,671342,700.5,6348.9,High
Prince George's County,1/1/1979,663207,809.9,6591.6,High
Prince George's County,1/1/1980,657707,921.1,6949,High
Prince George's County,1/1/1981,668499,971.9,6931.2,High
Prince George's County,1/1/1982,669127,852.8,6167.7,High
Prince George's County,1/1/1983,675231,806.5,5282,High
Prince George's County,1/1/1984,681610,794.4,4997.4,High
Prince George's County,1/1/1985,682233,868.3,5413.1,High
Prince George's County,1/1/1986,693240,901.7,5645.1,High
Prince George's County,1/1/1987,692346,949.1,5857.9,High
Prince George's County,1/1/1988,702944,982.9,6083.4,High
Prince George's County,1/1/1989,711951,1040.7,5880.3,High
Prince George's County,1/1/1990,729268,1167.9,6064.3,High
Prince George's County,1/1/1991,741233,1175.3,6182.7,High
Prince George's County,1/1/1992,748546,1107.3,6279.6,High
Prince George's County,1/1/1993,757930,1186.5,6367.6,High
Prince George's County,1/1/1994,764160,1091.3,6330.2,High
Prince George's County,1/1/1995,765197,1173,6789.2,High
Prince George's County,1/1/1996,769740,1177.4,6627.6,High
Prince George's County,1/1/1997,767869,947,5969,High
Prince George's County,1/1/1998,776836,1012.8,5954.3,High
Prince George's County,1/1/1999,783389,850.3,5407.1,High
Prince George's County,1/1/2000,801515,924.4,5425.1,High
Prince George's County,1/1/2001,813420,1014.7,6232.3,High
Prince George's County,1/1/2002,825978,1026.4,6497.3,High
Prince George's County,1/1/2003,840833,952.5,6310.8,High
Prince George's County,1/1/2004,846199,967.6,6314.4,High
Prince George's County,1/1/2005,849387,1118.1,6256.7,High
Prince George's County,1/1/2006,848440,999.6,5423.8,High
Prince George's County,1/1/2007,841216,893.3,5256.4,High
Prince George's County,1/1/2008,826094,895.8,5310.3,High
Prince George's County,1/1/2009,826893,800.7,4613.1,High
Prince George's County,1/1/2010,842550,736.1,4376.1,High
Prince George's County,1/1/2011,871606,593,3779.3,High
Prince George's County,1/1/2012,879645,562.3,3538.5,High
Prince George's County,1/1/2013,888070,505.6,3216.9,High
Prince George's County,1/1/2014,898019,459.7,2955.7,High
Prince George's County,1/1/2015,911524,454.1,2440.6,High
Prince George's County,1/1/2016,913206,385.3,2267.9,High
Queen Anne's County,1/1/1975,20500,268.3,3297.6,Low
Queen Anne's County,1/1/1976,20223,395.6,3253.7,Low
Queen Anne's County,1/1/1977,20200,331.7,2693.1,Low
Queen Anne's County,1/1/1978,22394,281.3,2509.6,Low
Queen Anne's County,1/1/1979,23836,293.7,2555,Low
Queen Anne's County,1/1/1980,25520,297.8,2946.7,Low
Queen Anne's County,1/1/1981,25939,177.3,2960.8,Low
Queen Anne's County,1/1/1982,25963,369.8,2557.5,Low
Queen Anne's County,1/1/1983,26199,309.2,2629.9,Low
Queen Anne's County,1/1/1984,27027,384.8,2419.8,Low
Queen Anne's County,1/1/1985,27972,475.5,2488.2,Low
Queen Anne's County,1/1/1986,28420,415.2,2192.1,Low
Queen Anne's County,1/1/1987,30076,438.9,2054.8,Low
Queen Anne's County,1/1/1988,31747,371.7,2406.5,Low
Queen Anne's County,1/1/1989,32500,350.8,2215.4,Low
Queen Anne's County,1/1/1990,33953,332.8,2544.7,Low
Queen Anne's County,1/1/1991,34510,408.6,2471.7,Low
Queen Anne's County,1/1/1992,34850,398.9,2545.2,Low
Queen Anne's County,1/1/1993,35500,326.8,2698.6,Low
Queen Anne's County,1/1/1994,35792,296.2,2316.2,Low
Queen Anne's County,1/1/1995,36329,220.2,2152.6,Low
Queen Anne's County,1/1/1996,36544,166.9,2503.8,Low
Queen Anne's County,1/1/1997,36701,247.9,2425,Low
Queen Anne's County,1/1/1998,39408,271.5,2527.4,Low
Queen Anne's County,1/1/1999,39957,195.2,2860.6,Low
Queen Anne's County,1/1/2000,40563,278.6,2245.9,Low
Queen Anne's County,1/1/2001,41165,383.8,2033.3,Low
Queen Anne's County,1/1/2002,41801,433,2019.1,Low
Queen Anne's County,1/1/2003,43233,384,2003.1,Low
Queen Anne's County,1/1/2004,44502,175.3,1966.2,Low
Queen Anne's County,1/1/2005,45421,158.5,2047.5,Low
Queen Anne's County,1/1/2006,45737,279.9,2160.2,Low
Queen Anne's County,1/1/2007,46703,304,2023.4,Low
Queen Anne's County,1/1/2008,47016,342.4,2022.7,Low
Queen Anne's County,1/1/2009,48088,243.3,1906.9,Low
Queen Anne's County,1/1/2010,49023,244.8,2003.1,Low
Queen Anne's County,1/1/2011,48251,308.8,1968.9,Low
Queen Anne's County,1/1/2012,48821,190.5,1681.7,Low
Queen Anne's County,1/1/2013,48932,237.1,1726.9,Low
Queen Anne's County,1/1/2014,48773,223.5,1545.9,Low
Queen Anne's County,1/1/2015,48890,196.4,1427.7,Low
Queen Anne's County,1/1/2016,48839,237.5,1236.7,Low
Somerset County,1/1/1975,18000,588.9,3527.8,High
Somerset County,1/1/1976,19717,319.5,3114.1,High
Somerset County,1/1/1977,19624,300.7,2364.5,High
Somerset County,1/1/1978,20016,264.8,2533,High
Somerset County,1/1/1979,19129,350.3,2817.7,High
Somerset County,1/1/1980,19041,420.1,3334.9,High
Somerset County,1/1/1981,19353,273.9,3327.6,High
Somerset County,1/1/1982,19372,304.6,2689.4,High
Somerset County,1/1/1983,19547,342.8,2174.2,High
Somerset County,1/1/1984,18973,353.1,2234.8,High
Somerset County,1/1/1985,18884,503.1,2510.1,High
Somerset County,1/1/1986,19147,574.5,2809.8,High
Somerset County,1/1/1987,19610,489.5,3197.3,High
Somerset County,1/1/1988,19970,580.9,2904.4,High
Somerset County,1/1/1989,19703,578.6,2238.2,High
Somerset County,1/1/1990,23440,443.7,2295.2,High
Somerset County,1/1/1991,23824,541.5,3034.8,High
Somerset County,1/1/1992,24057,748.2,3192.4,High
Somerset County,1/1/1993,23785,576,3502.2,High
Somerset County,1/1/1994,23980,450.4,3507.1,High
Somerset County,1/1/1995,23895,355.7,2862.5,High
Somerset County,1/1/1996,24036,553.3,3178.6,High
Somerset County,1/1/1997,24139,517.8,2966.2,High
Somerset County,1/1/1998,24671,531,2829.2,High
Somerset County,1/1/1999,24470,572.1,2815.7,High
Somerset County,1/1/2000,24747,501.1,2545.8,High
Somerset County,1/1/2001,25115,493.7,2146.1,High
Somerset County,1/1/2002,25503,462.7,2544.8,High
Somerset County,1/1/2003,25793,527.3,2772.1,High
Somerset County,1/1/2004,25674,525.8,2621.3,High
Somerset County,1/1/2005,26060,475.8,2874.1,High
Somerset County,1/1/2006,25916,490,3411,High
Somerset County,1/1/2007,25722,474.3,2865.3,High
Somerset County,1/1/2008,25996,361.6,2708.1,High
Somerset County,1/1/2009,26409,382.4,2650.6,High
Somerset County,1/1/2010,26236,327.8,2168.8,High
Somerset County,1/1/2011,26721,303.1,2174.3,High
Somerset County,1/1/2012,26593,282,1857.6,High
Somerset County,1/1/2013,26226,270.7,1959.9,High
Somerset County,1/1/2014,26270,270.3,1766.3,High
Somerset County,1/1/2015,25626,323.9,1424.3,High
Somerset County,1/1/2016,25481,451.3,1930.9,High
St. Mary's County,1/1/1975,55035,209,2905.4,Middle
St. Mary's County,1/1/1976,50455,243.8,3026.5,Middle
St. Mary's County,1/1/1977,53400,228.5,3213.5,Middle
St. Mary's County,1/1/1978,53509,186.9,3367.7,Middle
St. Mary's County,1/1/1979,54182,304.5,3599,Middle
St. Mary's County,1/1/1980,59799,316.1,3077,Middle
St. Mary's County,1/1/1981,60780,281.3,3150.7,Middle
St. Mary's County,1/1/1982,60837,241.6,2759.8,Middle
St. Mary's County,1/1/1983,61393,304.6,2295,Middle
St. Mary's County,1/1/1984,62450,384.3,2433.9,Middle
St. Mary's County,1/1/1985,64123,541.1,2389.2,Middle
St. Mary's County,1/1/1986,65135,443.7,2514.8,Middle
St. Mary's County,1/1/1987,68381,427,2670.3,Middle
St. Mary's County,1/1/1988,71380,547.8,3140.9,Middle
St. Mary's County,1/1/1989,71398,501.4,2970.7,Middle
St. Mary's County,1/1/1990,75974,591,2865.5,Middle
St. Mary's County,1/1/1991,77221,542.6,3225.8,Middle
St. Mary's County,1/1/1992,77983,510.4,2794.2,Middle
St. Mary's County,1/1/1993,80410,445.2,2580.5,Middle
St. Mary's County,1/1/1994,81071,389.8,2473.1,Middle
St. Mary's County,1/1/1995,80901,416.6,2550,Middle
St. Mary's County,1/1/1996,81382,406.7,2879,Middle
St. Mary's County,1/1/1997,81735,414.8,3133.3,Middle
St. Mary's County,1/1/1998,86374,324.2,2498.4,Middle
St. Mary's County,1/1/1999,88299,312.6,2074.8,Middle
St. Mary's County,1/1/2000,86211,338.7,2184.2,Middle
St. Mary's County,1/1/2001,87492,368,1773.9,Middle
St. Mary's County,1/1/2002,88842,423.2,1987.8,Middle
St. Mary's County,1/1/2003,90882,353.2,2060.9,Middle
St. Mary's County,1/1/2004,93582,329.1,2039.9,Middle
St. Mary's County,1/1/2005,95644,376.4,2047.2,Middle
St. Mary's County,1/1/2006,96782,330.6,2475.7,Middle
St. Mary's County,1/1/2007,99909,327.3,2351.1,Middle
St. Mary's County,1/1/2008,101533,299.4,2187.5,Middle
St. Mary's County,1/1/2009,103916,296.4,1978.5,Middle
St. Mary's County,1/1/2010,105411,306.4,2128.8,Middle
St. Mary's County,1/1/2011,106148,255.3,2530.4,Middle
St. Mary's County,1/1/2012,108522,236.8,2559.8,Middle
St. Mary's County,1/1/2013,110294,220.3,2267.6,Middle
St. Mary's County,1/1/2014,110842,237.3,1994.7,Middle
St. Mary's County,1/1/2015,111234,267,2056,Middle
St. Mary's County,1/1/2016,111930,202.8,1853.8,Middle
Talbot County,1/1/1975,24948,308.6,3214.7,Middle
Talbot County,1/1/1976,25784,318,3424.6,Middle
Talbot County,1/1/1977,25970,446.7,3280.7,Middle
Talbot County,1/1/1978,26259,365.6,3427.4,Middle
Talbot County,1/1/1979,26841,286.9,3658.6,Middle
Talbot County,1/1/1980,25496,333.4,3490.7,Middle
Talbot County,1/1/1981,25914,466.9,3828,Middle
Talbot County,1/1/1982,25939,285.3,3411.9,Middle
Talbot County,1/1/1983,26174,256,3067.9,Middle
Talbot County,1/1/1984,26693,299.7,3116.9,Middle
Talbot County,1/1/1985,27063,447.1,2959.8,Middle
Talbot County,1/1/1986,27524,367,3495.1,Middle
Talbot County,1/1/1987,27637,513.8,3195,Middle
Talbot County,1/1/1988,28470,516.3,2954,Middle
Talbot County,1/1/1989,28437,731.4,3495.4,Middle
Talbot County,1/1/1990,30549,605.6,2916.6,Middle
Talbot County,1/1/1991,31048,450.9,3256.2,Middle
Talbot County,1/1/1992,31354,449.7,3237.2,Middle
Talbot County,1/1/1993,31533,577.2,3044.4,Middle
Talbot County,1/1/1994,31790,484.4,3375.3,Middle
Talbot County,1/1/1995,32243,589.3,3349.6,Middle
Talbot County,1/1/1996,32432,407,3351.6,Middle
Talbot County,1/1/1997,32571,426.8,3275.9,Middle
Talbot County,1/1/1998,33320,447.2,3346.3,Middle
Talbot County,1/1/1999,33302,342.3,3095.9,Middle
Talbot County,1/1/2000,33812,263.2,2848.1,Middle
Talbot County,1/1/2001,34314,206.9,2547.1,Middle
Talbot County,1/1/2002,34844,249.7,2324.6,Middle
Talbot County,1/1/2003,34582,419.3,2400.1,Middle
Talbot County,1/1/2004,34979,397.4,2510.1,Middle
Talbot County,1/1/2005,35284,348.6,2488.4,Middle
Talbot County,1/1/2006,35781,324.2,2621.5,Middle
Talbot County,1/1/2007,36063,310.6,2678.6,Middle
Talbot County,1/1/2008,36232,436.1,2911.8,Middle
Talbot County,1/1/2009,36662,234.6,2662.2,Middle
Talbot County,1/1/2010,36717,220.6,2388.5,Middle
Talbot County,1/1/2011,38140,222.9,2417.4,Middle
Talbot County,1/1/2012,38392,231.8,2266.1,Middle
Talbot County,1/1/2013,38253,190.8,1735.8,Middle
Talbot County,1/1/2014,38020,265.6,2101.5,Middle
Talbot County,1/1/2015,37473,232.2,1830.7,Middle
Talbot County,1/1/2016,37221,223,1902.2,Middle
Washington County,1/1/1975,105782,230.7,3013.7,High
Washington County,1/1/1976,108494,263.6,3237,High
Washington County,1/1/1977,111000,290.1,2914.4,High
Washington County,1/1/1978,109397,358.3,2808.1,High
Washington County,1/1/1979,109767,407.2,2828.7,High
Washington County,1/1/1980,112764,276.7,3190.7,High
Washington County,1/1/1981,114614,260,3121.8,High
Washington County,1/1/1982,114722,258,2676.9,High
Washington County,1/1/1983,115768,231.5,2510.2,High
Washington County,1/1/1984,113834,242.5,2216.4,High
Washington County,1/1/1985,113100,235.2,2341.3,High
Washington County,1/1/1986,114891,258.5,2387.5,High
Washington County,1/1/1987,115933,301.9,2497.1,High
Washington County,1/1/1988,118591,221.8,2243.8,High
Washington County,1/1/1989,119640,306.8,2266,High
Washington County,1/1/1990,121393,285.8,2333.7,High
Washington County,1/1/1991,123385,291,2630.8,High
Washington County,1/1/1992,124602,314.6,2252,High
Washington County,1/1/1993,126701,289.7,2275.4,High
Washington County,1/1/1994,127743,305.3,2112.1,High
Washington County,1/1/1995,127509,389.8,2358.3,High
Washington County,1/1/1996,128265,335.2,2472.2,High
Washington County,1/1/1997,128820,405.2,2387.8,High
Washington County,1/1/1998,129186,388.6,2216.2,High
Washington County,1/1/1999,128265,322,2249.2,High
Washington County,1/1/2000,131923,332.8,2396.1,High
Washington County,1/1/2001,133882,387.7,2343.9,High
Washington County,1/1/2002,135950,347.9,2300.1,High
Washington County,1/1/2003,135495,362.4,2248.8,High
Washington County,1/1/2004,138016,388.4,2251.2,High
Washington County,1/1/2005,140687,370.3,2323.6,High
Washington County,1/1/2006,142284,399.2,2426.8,High
Washington County,1/1/2007,144219,350.9,2258.4,High
Washington County,1/1/2008,145781,303.2,2182,High
Washington County,1/1/2009,147664,267.5,1939.5,High
Washington County,1/1/2010,148210,300.9,2043,High
Washington County,1/1/2011,148828,302.4,2168.9,High
Washington County,1/1/2012,149634,258.6,2045.7,High
Washington County,1/1/2013,149938,258.8,2070.2,High
Washington County,1/1/2014,150339,318.6,2151.8,High
Washington County,1/1/2015,149573,302.9,1977.6,High
Washington County,1/1/2016,149090,301.8,2134.3,High
Wicomico County,1/1/1975,57261,267.2,3265.7,Very high
Wicomico County,1/1/1976,59758,364.8,4128.3,Very high
Wicomico County,1/1/1977,60281,270.4,4535.4,Very high
Wicomico County,1/1/1978,60743,311.1,4670.5,Very high
Wicomico County,1/1/1979,60692,346,5183.5,Very high
Wicomico County,1/1/1980,64974,381.7,5531.4,Very high
Wicomico County,1/1/1981,66040,401.3,5137.8,Very high
Wicomico County,1/1/1982,66102,473.5,4957.5,Very high
Wicomico County,1/1/1983,66705,430.3,3989.2,Very high
Wicomico County,1/1/1984,66574,377,3821.3,Very high
Wicomico County,1/1/1985,66648,589.7,4286.7,Very high
Wicomico County,1/1/1986,67740,831.1,4660.5,Very high
Wicomico County,1/1/1987,70413,803.8,5028.9,Very high
Wicomico County,1/1/1988,72609,845.6,5166,Very high
Wicomico County,1/1/1989,73125,970.9,4421.2,Very high
Wicomico County,1/1/1990,74339,1117.9,4550.8,Very high
Wicomico County,1/1/1991,75558,835.1,5264.8,Very high
Wicomico County,1/1/1992,76303,1000,5632.8,Very high
Wicomico County,1/1/1993,77414,959.8,5387.9,Very high
Wicomico County,1/1/1994,78049,1060.9,5736.1,Very high
Wicomico County,1/1/1995,79034,946.4,5669.7,Very high
Wicomico County,1/1/1996,79503,922,5817.4,Very high
Wicomico County,1/1/1997,79846,661.3,4915.7,Very high
Wicomico County,1/1/1998,79956,660.4,4672.6,Very high
Wicomico County,1/1/1999,79936,800.6,4477.3,Very high
Wicomico County,1/1/2000,84644,912.1,4351.2,Very high
Wicomico County,1/1/2001,85901,1182.8,4558.7,Very high
Wicomico County,1/1/2002,87228,908,4136.3,Very high
Wicomico County,1/1/2003,87121,829.9,4027.7,Very high
Wicomico County,1/1/2004,88155,898.4,4326.5,Very high
Wicomico County,1/1/2005,89458,1031.8,4617.8,Very high
Wicomico County,1/1/2006,90650,1027,4869.3,Very high
Wicomico County,1/1/2007,92169,878.8,4347.4,Very high
Wicomico County,1/1/2008,94080,1073.6,4242.1,Very high
Wicomico County,1/1/2009,95595,968.7,4466.8,Very high
Wicomico County,1/1/2010,95757,762.3,4038.3,Very high
Wicomico County,1/1/2011,99669,584.9,3396.2,Very high
Wicomico County,1/1/2012,100148,553.2,3357,Very high
Wicomico County,1/1/2013,101431,496.9,3320.5,Very high
Wicomico County,1/1/2014,101594,445.9,3377.2,Very high
Wicomico County,1/1/2015,101897,467.1,3257.2,Very high
Wicomico County,1/1/2016,102475,486.9,2931.4,Very high
Worcester County,1/1/1975,26715,1134.2,8426,Very high
Worcester County,1/1/1976,26795,709.1,8135.8,Very high
Worcester County,1/1/1977,26703,745.2,8463.5,Very high
Worcester County,1/1/1978,27845,847.5,8701.7,Very high
Worcester County,1/1/1979,27842,941,11177.4,Very high
Worcester County,1/1/1980,30303,650.1,9662.4,Very high
Worcester County,1/1/1981,30800,620.1,9334.4,Very high
Worcester County,1/1/1982,30829,535.2,8550.4,Very high
Worcester County,1/1/1983,31109,597.9,7714.8,Very high
Worcester County,1/1/1984,31953,572.7,7799,Very high
Worcester County,1/1/1985,33728,714.5,8411.4,Very high
Worcester County,1/1/1986,34294,734.8,9535.2,Very high
Worcester County,1/1/1987,36680,468.9,8167.9,Very high
Worcester County,1/1/1988,37482,570.9,7526.3,Very high
Worcester County,1/1/1989,37476,808.5,7708.9,Very high
Worcester County,1/1/1990,35028,807.9,8527.5,Very high
Worcester County,1/1/1991,35600,862.4,7842.7,Very high
Worcester County,1/1/1992,35949,890.1,6845.8,Very high
Worcester County,1/1/1993,37667,695.6,6536.2,Very high
Worcester County,1/1/1994,37973,629.4,6870.7,Very high
Worcester County,1/1/1995,39293,687.1,6502.4,Very high
Worcester County,1/1/1996,39525,678.1,6461.7,Very high
Worcester County,1/1/1997,39694,864.1,6106.7,Very high
Worcester County,1/1/1998,42454,803.2,5921.7,Very high
Worcester County,1/1/1999,43096,640.4,5531.8,Very high
Worcester County,1/1/2000,46543,754.1,5085.6,Very high
Worcester County,1/1/2001,47234,757.9,4623.8,Very high
Worcester County,1/1/2002,47963,994.5,4632.7,Very high
Worcester County,1/1/2003,49082,880.2,4586.2,Very high
Worcester County,1/1/2004,50047,801.2,4272,Very high
Worcester County,1/1/2005,49347,857.2,4273.8,Very high
Worcester County,1/1/2006,48884,711.9,4754.1,Very high
Worcester County,1/1/2007,48779,594.5,4668,Very high
Worcester County,1/1/2008,49355,474.1,4878.9,Very high
Worcester County,1/1/2009,49804,544.1,4616.1,Very high
Worcester County,1/1/2010,49645,525.7,4745.7,Very high
Worcester County,1/1/2011,51942,477.5,4458.8,Very high
Worcester County,1/1/2012,52011,357.6,4260.6,Very high
Worcester County,1/1/2013,51718,419.6,4091.4,Very high
Worcester County,1/1/2014,51756,367.1,4322.2,Very high
Worcester County,1/1/2015,51566,281.2,3612.8,Very high
Worcester County,1/1/2016,51255,296.6,3580.1,Very high
